experiment,macro_f1,accuracy,macro_precision,macro_recall
dnn_full-83_smote,0.8679334111062321,0.9943551007147499,0.8382208497771239,0.9695837401778759
