experiment,macro_f1,accuracy,macro_precision,macro_recall
dnn_full-83_cost-sensitive,0.8705452512126938,0.9924870045484081,0.8326983523763247,0.9686023824869866
