experiment,macro_f1,accuracy,macro_precision,macro_recall
dnn_pca_baseline,0.8488879949485756,0.9935428849902534,0.8710137853719524,0.8378456721936002
