experiment,macro_f1,accuracy,macro_precision,macro_recall
dnn_full-83_smote,0.9015472507903457,0.9951267056530214,0.8745975787527521,0.9737070005518601
