,precision,recall,f1-score,support
0,0.9555694618272841,0.9851612903225806,0.9701397712833545,1550.0
1,1.0,0.8037383177570093,0.8911917098445595,107.0
2,1.0,1.0,1.0,18932.0
3,1.0,0.9927623642943305,0.9963680387409201,829.0
4,1.0,0.8571428571428571,0.9230769230769231,7.0
5,0.8333333333333334,0.8333333333333334,0.8333333333333334,6.0
6,0.9900990099009901,1.0,0.9950248756218906,400.0
7,1.0,0.995,0.9974937343358395,200.0
8,0.948051948051948,0.9864864864864865,0.9668874172185431,518.0
9,1.0,0.9950248756218906,0.9975062344139651,402.0
10,0.9829760403530895,0.9611590628853267,0.9719451371571073,1622.0
11,0.9333333333333333,0.8235294117647058,0.875,51.0
accuracy,0.9945581546458739,0.9945581546458739,0.9945581546458739,0.9945581546458739
macro avg,0.9702802605666648,0.9361114999673769,0.9514972645855364,24624.0
weighted avg,0.9946495417615457,0.9945581546458739,0.9945174910233391,24624.0
