experiment,macro_f1,accuracy,macro_precision,macro_recall
dnn_full-83_baseline,0.7908883982604658,0.9941926575698505,0.8115702746563466,0.7768094519646326
