experiment,macro_f1,accuracy,macro_precision,macro_recall
dnn_full-83_cost-sensitive,0.8591002840116982,0.9909844054580896,0.8214608929163836,0.9634956459191377
