experiment,macro_f1,accuracy,macro_precision,macro_recall
dnn_full-83_baseline,0.874503970295283,0.9954109811565952,0.8938022123484957,0.8601309610134763
