experiment,macro_f1,accuracy,macro_precision,macro_recall
lr_pca_baseline,0.8568033796181602,0.980912930474334,0.9290907385712374,0.8248653344237199
