experiment,macro_f1,accuracy,macro_precision,macro_recall
lr_pca_cost-sensitive,0.7877252478424165,0.9796946068875894,0.7534064129365153,0.9352000456300379
