experiment,macro_f1,accuracy,macro_precision,macro_recall
lr_top-20_smote,0.8227264107434499,0.978882391163093,0.793271496873652,0.9444239179022572
