experiment,macro_f1,accuracy,macro_precision,macro_recall
lr_top-30_cost-sensitive,0.7894534515429271,0.9814002599090318,0.7568967298126422,0.9509534963088025
