,precision,recall,f1-score,support
ARP_poisioning,0.9225543478260869,0.8761290322580645,0.898742554599603,1550.0
DDOS_Slowloris,0.9347826086956522,0.8037383177570093,0.864321608040201,107.0
DOS_SYN_Hping,0.9998415632426723,1.0,0.9999207753452874,18932.0
MQTT_Publish,1.0,0.9975874547647768,0.998792270531401,829.0
Metasploit_Brute_Force_SSH,0.0,0.0,0.0,7.0
NMAP_FIN_SCAN,1.0,0.8333333333333334,0.9090909090909091,6.0
NMAP_OS_DETECTION,0.9925558312655087,1.0,0.9962640099626401,400.0
NMAP_TCP_scan,1.0,0.995,0.9974937343358395,200.0
NMAP_UDP_SCAN,0.9339449541284404,0.9826254826254827,0.9576669802445907,518.0
NMAP_XMAS_TREE_SCAN,1.0,0.9950248756218906,0.9975062344139651,402.0
Thing_Speak,0.892128279883382,0.9432799013563502,0.9169913095594846,1622.0
Wipro_bulb,0.9666666666666667,0.5686274509803921,0.7160493827160493,51.0
accuracy,0.9858268356075374,0.9858268356075374,0.9858268356075374,0.9858268356075374
macro avg,0.8868728543090341,0.8329454873914416,0.8544033140699976,24624.0
weighted avg,0.9857504606191814,0.9858268356075374,0.9855603721462428,24624.0
