experiment,macro_f1,accuracy,macro_precision,macro_recall
lr_top-10_baseline,0.6958444986425922,0.9782326185834957,0.7194834118112393,0.692066423120543
