experiment,macro_f1,accuracy,macro_precision,macro_recall
lr_top-30_smote,0.8026163667134038,0.97953216374269,0.7718636729154063,0.947750552190886
