experiment,macro_f1,accuracy,macro_precision,macro_recall
rf_pca_cost-sensitive,0.9672537617502136,0.9976039636127355,0.9735652395910289,0.9655931104428594
