experiment,macro_f1,accuracy,macro_precision,macro_recall
rf_pca_baseline,0.9708189144136651,0.9978070175438597,0.9784386807864317,0.9682091900903659
