experiment,macro_f1,accuracy,macro_precision,macro_recall
rf_top-30_baseline,0.9658317248495519,0.9986192332683561,0.9542705689454704,0.9804903481559103
