experiment,macro_f1,accuracy,macro_precision,macro_recall
rf_top-10_cost-sensitive,0.943458990526841,0.9971166341780376,0.9229086210287313,0.9733754090888502
