experiment,macro_f1,accuracy,macro_precision,macro_recall
rf_top-30_cost-sensitive,0.9697370560349299,0.9985380116959064,0.9637832698078684,0.9780751584885138
