experiment,macro_f1,accuracy,macro_precision,macro_recall
rf_top-20_baseline,0.9592533755935065,0.9976445743989604,0.9480198178076241,0.9736288096951733
