experiment,macro_f1,accuracy,macro_precision,macro_recall
rf_top-10_smote,0.9573798004753359,0.9971978557504874,0.9458372015265127,0.9736971594106006
