experiment,macro_f1,accuracy,macro_precision,macro_recall
svm_top-10_smote,0.624566656956,0.9154077322936972,0.64611481150256,0.8026364130339257
