experiment,macro_f1,accuracy,macro_precision,macro_recall
svm_top-20_smote,0.7100789185780229,0.9428200129954516,0.71451884854342,0.8950843270777153
