experiment,macro_f1,accuracy,macro_precision,macro_recall
svm_pca_cost-sensitive,0.8351831385467247,0.9912686809616634,0.8076636735986461,0.9604767751232766
